<?xml version="1.0"?>
<metadata xml:lang="en"><Esri><CreaDate>20250401</CreaDate><CreaTime>10340900</CreaTime><ArcGISFormat>1.0</ArcGISFormat><SyncOnce>TRUE</SyncOnce><ModDate>20251124</ModDate><ModTime>19252900</ModTime><scaleRange><minScale>150000000</minScale><maxScale>5000</maxScale></scaleRange><ArcGISProfile>ItemDescription</ArcGISProfile></Esri><tool name="ViewshedGenerator" displayname="ViewshedGenerator2" toolboxalias="toolbox" xmlns=""><arcToolboxHelpPath>c:\program files\arcgis\pro\Resources\Help\gp</arcToolboxHelpPath><parameters><param name="observer_points" displayname="Observer Points" type="Required" direction="Input" datatype="Feature Class" expression="observer_points"/><param name="estimate_dsm" displayname="Estimate DSM?" type="Required" direction="Input" datatype="Boolean" expression="estimate_dsm"><dialogReference>&lt;DIV STYLE="text-align:Left;"&gt;&lt;P STYLE="margin:0 0 0 0;"&gt;&lt;SPAN&gt;Uncheck this if you have a digital surface model. Leave checked and include land cover data to estimate a surface model with a DEM and land cover data.&lt;/SPAN&gt;&lt;/P&gt;&lt;/DIV&gt;</dialogReference></param><param name="elevation_raster" displayname="Elevation Raster" type="Required" direction="Input" datatype="Raster Layer" expression="elevation_raster"><dialogReference>&lt;DIV STYLE="text-align:Left;"&gt;&lt;P STYLE="margin:0 0 0 0;"&gt;&lt;SPAN&gt;This should be a DEM or a DSM. Use the 'Estimate DSM' input and NLCD data to mimic a DSM if needed.&lt;/SPAN&gt;&lt;/P&gt;&lt;/DIV&gt;</dialogReference></param><param name="nlcd_raster" displayname="NLCD Raster" type="Optional" direction="Input" datatype="Raster Layer" expression="{nlcd_raster}"/><param name="buffer_distance" displayname="Tower Range" type="Required" direction="Input" datatype="Linear Unit" expression="buffer_distance"/><param name="output_gdb" displayname="Output GDB" type="Required" direction="Input" datatype="Workspace" expression="output_gdb"/><param name="scoring_parameters" displayname="Scoring Parameters" type="Required" direction="Input" datatype="Multiple Value" expression="scoring_parameters;scoring_parameters..."/><param name="observer_height" displayname="Observer Height" type="Required" direction="Input" datatype="Linear Unit" expression="observer_height"/></parameters></tool><dataIdInfo><idCitation><resTitle>ViewshedGenerator2</resTitle></idCitation><searchKeys><keyword>PersonalProjects</keyword></searchKeys></dataIdInfo><distInfo><distributor><distorFormat><formatName>ArcToolbox Tool</formatName></distorFormat></distributor></distInfo><mdHrLv><ScopeCd value="005"></ScopeCd></mdHrLv><mdDateSt Sync="TRUE">20251124</mdDateSt></metadata>
