<metadata xml:lang="en"><Esri><CreaDate>20251208</CreaDate><CreaTime>07295000</CreaTime><ArcGISFormat>1.0</ArcGISFormat><SyncOnce>FALSE</SyncOnce><DataProperties><itemProps><itemName Sync="TRUE">Point_Ranges</itemName><imsContentType Sync="TRUE">002</imsContentType><itemLocation><linkage Sync="TRUE">file://\\MAGIC_HEAD\C$\Users\dalli\Personal_projects\Logan_Canyon_Toolbox\TestOutputShapefiles\Point_Ranges.shp</linkage><protocol Sync="TRUE">Local Area Network</protocol></itemLocation><itemSize Sync="TRUE">0.000</itemSize></itemProps><coordRef><type Sync="TRUE">Projected</type><geogcsn Sync="TRUE">GCS_North_American_1983</geogcsn><csUnits Sync="TRUE">Linear Unit: Meter (1.000000)</csUnits><projcsn Sync="TRUE">NAD_1983_UTM_Zone_12N</projcsn><peXml Sync="TRUE">&lt;ProjectedCoordinateSystem xsi:type='typens:ProjectedCoordinateSystem' xmlns:xsi='http://www.w3.org/2001/XMLSchema-instance' xmlns:xs='http://www.w3.org/2001/XMLSchema' xmlns:typens='http://www.esri.com/schemas/ArcGIS/3.6.0'&gt;&lt;WKT&gt;PROJCS[&amp;quot;NAD_1983_UTM_Zone_12N&amp;quot;,GEOGCS[&amp;quot;GCS_North_American_1983&amp;quot;,DATUM[&amp;quot;D_North_American_1983&amp;quot;,SPHEROID[&amp;quot;GRS_1980&amp;quot;,6378137.0,298.257222101]],PRIMEM[&amp;quot;Greenwich&amp;quot;,0.0],UNIT[&amp;quot;Degree&amp;quot;,0.0174532925199433]],PROJECTION[&amp;quot;Transverse_Mercator&amp;quot;],PARAMETER[&amp;quot;False_Easting&amp;quot;,500000.0],PARAMETER[&amp;quot;False_Northing&amp;quot;,0.0],PARAMETER[&amp;quot;Central_Meridian&amp;quot;,-111.0],PARAMETER[&amp;quot;Scale_Factor&amp;quot;,0.9996],PARAMETER[&amp;quot;Latitude_Of_Origin&amp;quot;,0.0],UNIT[&amp;quot;Meter&amp;quot;,1.0],AUTHORITY[&amp;quot;EPSG&amp;quot;,26912]]&lt;/WKT&gt;&lt;XOrigin&gt;-5120900&lt;/XOrigin&gt;&lt;YOrigin&gt;-9998100&lt;/YOrigin&gt;&lt;XYScale&gt;450445547.3910538&lt;/XYScale&gt;&lt;ZOrigin&gt;-100000&lt;/ZOrigin&gt;&lt;ZScale&gt;10000&lt;/ZScale&gt;&lt;MOrigin&gt;-100000&lt;/MOrigin&gt;&lt;MScale&gt;10000&lt;/MScale&gt;&lt;XYTolerance&gt;0.001&lt;/XYTolerance&gt;&lt;ZTolerance&gt;0.001&lt;/ZTolerance&gt;&lt;MTolerance&gt;0.001&lt;/MTolerance&gt;&lt;HighPrecision&gt;true&lt;/HighPrecision&gt;&lt;WKID&gt;26912&lt;/WKID&gt;&lt;LatestWKID&gt;26912&lt;/LatestWKID&gt;&lt;/ProjectedCoordinateSystem&gt;</peXml></coordRef><lineage><Process ToolSource="c:\program files\arcgis\pro\Resources\ArcToolbox\toolboxes\Data Management Tools.tbx\Dissolve" Date="20251208" Time="072950">Dissolve in_memory\temp_merge C:\Users\dalli\Fall_2025\GEOG3700\Logan_Canyon_Toolbox\OutputData.gdb\Final_Cell_Range0 # # MULTI_PART DISSOLVE_LINES #</Process><Process ToolSource="c:\program files\arcgis\pro\Resources\ArcToolbox\toolboxes\Data Management Tools.tbx\Merge" Date="20251208" Time="073040">Merge C:\Users\dalli\Fall_2025\GEOG3700\Logan_Canyon_Toolbox\OutputData.gdb\Final_Cell_Range0;C:\Users\dalli\Fall_2025\GEOG3700\Logan_Canyon_Toolbox\OutputData.gdb\Final_Cell_Range1;C:\Users\dalli\Fall_2025\GEOG3700\Logan_Canyon_Toolbox\OutputData.gdb\Final_Cell_Range2;C:\Users\dalli\Fall_2025\GEOG3700\Logan_Canyon_Toolbox\OutputData.gdb\Final_Cell_Range3;C:\Users\dalli\Fall_2025\GEOG3700\Logan_Canyon_Toolbox\OutputData.gdb\Final_Cell_Range4;C:\Users\dalli\Fall_2025\GEOG3700\Logan_Canyon_Toolbox\OutputData.gdb\Final_Cell_Range5;C:\Users\dalli\Fall_2025\GEOG3700\Logan_Canyon_Toolbox\OutputData.gdb\Final_Cell_Range6;C:\Users\dalli\Fall_2025\GEOG3700\Logan_Canyon_Toolbox\OutputData.gdb\Final_Cell_Range7;C:\Users\dalli\Fall_2025\GEOG3700\Logan_Canyon_Toolbox\OutputData.gdb\Final_Cell_Range8;C:\Users\dalli\Fall_2025\GEOG3700\Logan_Canyon_Toolbox\OutputData.gdb\Final_Cell_Range9;C:\Users\dalli\Fall_2025\GEOG3700\Logan_Canyon_Toolbox\OutputData.gdb\Final_Cell_Range10;C:\Users\dalli\Fall_2025\GEOG3700\Logan_Canyon_Toolbox\OutputData.gdb\Final_Cell_Range11;C:\Users\dalli\Fall_2025\GEOG3700\Logan_Canyon_Toolbox\OutputData.gdb\Final_Cell_Range12;C:\Users\dalli\Fall_2025\GEOG3700\Logan_Canyon_Toolbox\OutputData.gdb\Final_Cell_Range13;C:\Users\dalli\Fall_2025\GEOG3700\Logan_Canyon_Toolbox\OutputData.gdb\Final_Cell_Range14;C:\Users\dalli\Fall_2025\GEOG3700\Logan_Canyon_Toolbox\OutputData.gdb\Final_Cell_Range15;C:\Users\dalli\Fall_2025\GEOG3700\Logan_Canyon_Toolbox\OutputData.gdb\Final_Cell_Range16;C:\Users\dalli\Fall_2025\GEOG3700\Logan_Canyon_Toolbox\OutputData.gdb\Final_Cell_Range17;C:\Users\dalli\Fall_2025\GEOG3700\Logan_Canyon_Toolbox\OutputData.gdb\Final_Cell_Range18;C:\Users\dalli\Fall_2025\GEOG3700\Logan_Canyon_Toolbox\OutputData.gdb\Final_Cell_Range19;C:\Users\dalli\Fall_2025\GEOG3700\Logan_Canyon_Toolbox\OutputData.gdb\Final_Cell_Range20;C:\Users\dalli\Fall_2025\GEOG3700\Logan_Canyon_Toolbox\OutputData.gdb\Final_Cell_Range21;C:\Users\dalli\Fall_2025\GEOG3700\Logan_Canyon_Toolbox\OutputData.gdb\Final_Cell_Range22;C:\Users\dalli\Fall_2025\GEOG3700\Logan_Canyon_Toolbox\OutputData.gdb\Final_Cell_Range23 C:\Users\dalli\Fall_2025\GEOG3700\Logan_Canyon_Toolbox\OutputData.gdb\Point_Ranges # NO_SOURCE_INFO AUTOMATIC</Process><Process ToolSource="c:\program files\arcgis\pro\Resources\ArcToolbox\toolboxes\Data Management Tools.tbx\CopyFeatures" Date="20260107" Time="200511">CopyFeatures C:\Users\dalli\Personal_projects\Logan_Canyon_Toolbox\OutputData.gdb\Point_Ranges C:\Users\dalli\Personal_projects\Logan_Canyon_Toolbox\TestOutputShapefiles\Point_Ranges.shp # # # #</Process></lineage></DataProperties><SyncDate>20260107</SyncDate><SyncTime>20051100</SyncTime><ModDate>20260107</ModDate><ModTime>20051100</ModTime></Esri><dataIdInfo><envirDesc Sync="TRUE">Microsoft Windows 10 Version 10.0 (Build 26200) ; Esri ArcGIS 13.6.0.59527</envirDesc><dataLang><languageCode value="eng" Sync="TRUE"></languageCode><countryCode value="USA" Sync="TRUE"></countryCode></dataLang><idCitation><resTitle Sync="TRUE">Point_Ranges</resTitle><presForm><PresFormCd value="005" Sync="TRUE"></PresFormCd></presForm></idCitation><spatRpType><SpatRepTypCd value="001" Sync="TRUE"></SpatRepTypCd></spatRpType></dataIdInfo><mdLang><languageCode value="eng" Sync="TRUE"></languageCode><countryCode value="USA" Sync="TRUE"></countryCode></mdLang><mdChar><CharSetCd value="004" Sync="TRUE"></CharSetCd></mdChar><distInfo><distFormat><formatName Sync="TRUE">Shapefile</formatName></distFormat><distTranOps><transSize Sync="TRUE">0.000</transSize></distTranOps></distInfo><mdHrLv><ScopeCd value="005" Sync="TRUE"></ScopeCd></mdHrLv><mdHrLvName Sync="TRUE">dataset</mdHrLvName><refSysInfo><RefSystem><refSysID><identCode code="26912" Sync="TRUE"></identCode><idCodeSpace Sync="TRUE">EPSG</idCodeSpace><idVersion Sync="TRUE">6.11(3.0.1)</idVersion></refSysID></RefSystem></refSysInfo><spatRepInfo><VectSpatRep><geometObjs Name="Point_Ranges"><geoObjTyp><GeoObjTypCd value="002" Sync="TRUE"></GeoObjTypCd></geoObjTyp><geoObjCnt Sync="TRUE">0</geoObjCnt></geometObjs><topLvl><TopoLevCd value="001" Sync="TRUE"></TopoLevCd></topLvl></VectSpatRep></spatRepInfo><spdoinfo><ptvctinf><esriterm Name="Point_Ranges"><efeatyp Sync="TRUE">Simple</efeatyp><efeageom code="4" Sync="TRUE"></efeageom><esritopo Sync="TRUE">FALSE</esritopo><efeacnt Sync="TRUE">0</efeacnt><spindex Sync="TRUE">FALSE</spindex><linrefer Sync="TRUE">FALSE</linrefer></esriterm></ptvctinf></spdoinfo><eainfo><detailed Name="Point_Ranges"><enttyp><enttypl Sync="TRUE">Point_Ranges</enttypl><enttypt Sync="TRUE">Feature Class</enttypt><enttypc Sync="TRUE">0</enttypc></enttyp><attr><attrlabl Sync="TRUE">FID</attrlabl><attalias Sync="TRUE">FID</attalias><attrtype Sync="TRUE">OID</attrtype><attwidth Sync="TRUE">4</attwidth><atprecis Sync="TRUE">0</atprecis><attscale Sync="TRUE">0</attscale><attrdef Sync="TRUE">Internal feature number.</attrdef><attrdefs Sync="TRUE">Esri</attrdefs><attrdomv><udom Sync="TRUE">Sequential unique whole numbers that are automatically generated.</udom></attrdomv></attr><attr><attrlabl Sync="TRUE">Shape</attrlabl><attalias Sync="TRUE">Shape</attalias><attrtype Sync="TRUE">Geometry</attrtype><attwidth Sync="TRUE">0</attwidth><atprecis Sync="TRUE">0</atprecis><attscale Sync="TRUE">0</attscale><attrdef Sync="TRUE">Feature geometry.</attrdef><attrdefs Sync="TRUE">Esri</attrdefs><attrdomv><udom Sync="TRUE">Coordinates defining the features.</udom></attrdomv></attr><attr><attrlabl Sync="TRUE">Shape_Leng</attrlabl><attalias Sync="TRUE">Shape_Leng</attalias><attrtype Sync="TRUE">Double</attrtype><attwidth Sync="TRUE">19</attwidth><atprecis Sync="TRUE">0</atprecis><attscale Sync="TRUE">0</attscale></attr><attr><attrlabl Sync="TRUE">Shape_Area</attrlabl><attalias Sync="TRUE">Shape_Area</attalias><attrtype Sync="TRUE">Double</attrtype><attwidth Sync="TRUE">19</attwidth><atprecis Sync="TRUE">0</atprecis><attscale Sync="TRUE">0</attscale><attrdef Sync="TRUE">Area of feature in internal units squared.</attrdef><attrdefs Sync="TRUE">Esri</attrdefs><attrdomv><udom Sync="TRUE">Positive real numbers that are automatically generated.</udom></attrdomv></attr></detailed></eainfo><mdDateSt Sync="TRUE">20260107</mdDateSt></metadata>
