<metadata xml:lang="en"><Esri><CreaDate>20251203</CreaDate><CreaTime>10265600</CreaTime><ArcGISFormat>1.0</ArcGISFormat><SyncOnce>FALSE</SyncOnce><DataProperties><itemProps><itemName Sync="TRUE">Highway_Crash_Danger</itemName><imsContentType Sync="TRUE">002</imsContentType><itemLocation><linkage Sync="TRUE">file://\\MAGIC_HEAD\C$\Users\dalli\Personal_projects\Logan_Canyon_Toolbox\TestInputShapefiles\Highway_Crash_Danger.shp</linkage><protocol Sync="TRUE">Local Area Network</protocol></itemLocation><itemSize Sync="TRUE">0.000</itemSize></itemProps><coordRef><type Sync="TRUE">Projected</type><geogcsn Sync="TRUE">GCS_North_American_1983</geogcsn><csUnits Sync="TRUE">Linear Unit: Meter (1.000000)</csUnits><projcsn Sync="TRUE">NAD_1983_UTM_Zone_12N</projcsn><peXml Sync="TRUE">&lt;ProjectedCoordinateSystem xsi:type='typens:ProjectedCoordinateSystem' xmlns:xsi='http://www.w3.org/2001/XMLSchema-instance' xmlns:xs='http://www.w3.org/2001/XMLSchema' xmlns:typens='http://www.esri.com/schemas/ArcGIS/3.6.0'&gt;&lt;WKT&gt;PROJCS[&amp;quot;NAD_1983_UTM_Zone_12N&amp;quot;,GEOGCS[&amp;quot;GCS_North_American_1983&amp;quot;,DATUM[&amp;quot;D_North_American_1983&amp;quot;,SPHEROID[&amp;quot;GRS_1980&amp;quot;,6378137.0,298.257222101]],PRIMEM[&amp;quot;Greenwich&amp;quot;,0.0],UNIT[&amp;quot;Degree&amp;quot;,0.0174532925199433]],PROJECTION[&amp;quot;Transverse_Mercator&amp;quot;],PARAMETER[&amp;quot;False_Easting&amp;quot;,500000.0],PARAMETER[&amp;quot;False_Northing&amp;quot;,0.0],PARAMETER[&amp;quot;Central_Meridian&amp;quot;,-111.0],PARAMETER[&amp;quot;Scale_Factor&amp;quot;,0.9996],PARAMETER[&amp;quot;Latitude_Of_Origin&amp;quot;,0.0],UNIT[&amp;quot;Meter&amp;quot;,1.0],AUTHORITY[&amp;quot;EPSG&amp;quot;,26912]]&lt;/WKT&gt;&lt;XOrigin&gt;-5120900&lt;/XOrigin&gt;&lt;YOrigin&gt;-9998100&lt;/YOrigin&gt;&lt;XYScale&gt;450445547.3910538&lt;/XYScale&gt;&lt;ZOrigin&gt;-100000&lt;/ZOrigin&gt;&lt;ZScale&gt;10000&lt;/ZScale&gt;&lt;MOrigin&gt;-100000&lt;/MOrigin&gt;&lt;MScale&gt;10000&lt;/MScale&gt;&lt;XYTolerance&gt;0.001&lt;/XYTolerance&gt;&lt;ZTolerance&gt;0.001&lt;/ZTolerance&gt;&lt;MTolerance&gt;0.001&lt;/MTolerance&gt;&lt;HighPrecision&gt;true&lt;/HighPrecision&gt;&lt;WKID&gt;26912&lt;/WKID&gt;&lt;LatestWKID&gt;26912&lt;/LatestWKID&gt;&lt;/ProjectedCoordinateSystem&gt;</peXml></coordRef><lineage><Process ToolSource="c:\program files\arcgis\pro\Resources\ArcToolbox\toolboxes\Conversion Tools.tbx\ExportFeatures" Date="20240116" Time="101355">ExportFeatures Roads "C:\Users\Brent\Documents\ArcGIS\Projects\Logan Canyon Viewshed\Logan Canyon Viewshed.gdb\LoganCanyonRoads" # NOT_USE_ALIAS "OBJECTID "OBJECTID" true true false 6 Long 0 6,First,#,Roads,OBJECTID,-1,-1;STATUS "STATUS" true true false 12 Text 0 0,First,#,Roads,STATUS,0,11;CARTOCODE "CARTOCODE" true true false 2 Text 0 0,First,#,Roads,CARTOCODE,0,1;FULLNAME "FULLNAME" true true false 49 Text 0 0,First,#,Roads,FULLNAME,0,48;FROMADDR_L "FROMADDR_L" true true false 6 Long 0 6,First,#,Roads,FROMADDR_L,-1,-1;TOADDR_L "TOADDR_L" true true false 8 Long 0 8,First,#,Roads,TOADDR_L,-1,-1;FROMADDR_R "FROMADDR_R" true true false 6 Long 0 6,First,#,Roads,FROMADDR_R,-1,-1;TOADDR_R "TOADDR_R" true true false 6 Long 0 6,First,#,Roads,TOADDR_R,-1,-1;PARITY_L "PARITY_L" true true false 1 Text 0 0,First,#,Roads,PARITY_L,0,0;PARITY_R "PARITY_R" true true false 1 Text 0 0,First,#,Roads,PARITY_R,0,0;PREDIR "PREDIR" true true false 1 Text 0 0,First,#,Roads,PREDIR,0,0;NAME "NAME" true true false 37 Text 0 0,First,#,Roads,NAME,0,36;POSTTYPE "POSTTYPE" true true false 4 Text 0 0,First,#,Roads,POSTTYPE,0,3;POSTDIR "POSTDIR" true true false 1 Text 0 0,First,#,Roads,POSTDIR,0,0;AN_NAME "AN_NAME" true true false 8 Text 0 0,First,#,Roads,AN_NAME,0,7;AN_POSTDIR "AN_POSTDIR" true true false 1 Text 0 0,First,#,Roads,AN_POSTDIR,0,0;A1_PREDIR "A1_PREDIR" true true false 1 Text 0 0,First,#,Roads,A1_PREDIR,0,0;A1_NAME "A1_NAME" true true false 33 Text 0 0,First,#,Roads,A1_NAME,0,32;A1_POSTTYP "A1_POSTTYP" true true false 4 Text 0 0,First,#,Roads,A1_POSTTYP,0,3;A1_POSTDIR "A1_POSTDIR" true true false 1 Text 0 0,First,#,Roads,A1_POSTDIR,0,0;A2_PREDIR "A2_PREDIR" true true false 1 Text 0 0,First,#,Roads,A2_PREDIR,0,0;A2_NAME "A2_NAME" true true false 30 Text 0 0,First,#,Roads,A2_NAME,0,29;A2_POSTTYP "A2_POSTTYP" true true false 4 Text 0 0,First,#,Roads,A2_POSTTYP,0,3;A2_POSTDIR "A2_POSTDIR" true true false 1 Text 0 0,First,#,Roads,A2_POSTDIR,0,0;QUADRANT_L "QUADRANT_L" true true false 2 Text 0 0,First,#,Roads,QUADRANT_L,0,1;QUADRANT_R "QUADRANT_R" true true false 2 Text 0 0,First,#,Roads,QUADRANT_R,0,1;STATE_L "STATE_L" true true false 2 Text 0 0,First,#,Roads,STATE_L,0,1;STATE_R "STATE_R" true true false 2 Text 0 0,First,#,Roads,STATE_R,0,1;COUNTY_L "COUNTY_L" true true false 5 Text 0 0,First,#,Roads,COUNTY_L,0,4;COUNTY_R "COUNTY_R" true true false 5 Text 0 0,First,#,Roads,COUNTY_R,0,4;ADDRSYS_L "ADDRSYS_L" true true false 19 Text 0 0,First,#,Roads,ADDRSYS_L,0,18;ADDRSYS_R "ADDRSYS_R" true true false 19 Text 0 0,First,#,Roads,ADDRSYS_R,0,18;POSTCOMM_L "POSTCOMM_L" true true false 22 Text 0 0,First,#,Roads,POSTCOMM_L,0,21;POSTCOMM_R "POSTCOMM_R" true true false 22 Text 0 0,First,#,Roads,POSTCOMM_R,0,21;ZIPCODE_L "ZIPCODE_L" true true false 5 Text 0 0,First,#,Roads,ZIPCODE_L,0,4;ZIPCODE_R "ZIPCODE_R" true true false 5 Text 0 0,First,#,Roads,ZIPCODE_R,0,4;INCMUNI_L "INCMUNI_L" true true false 20 Text 0 0,First,#,Roads,INCMUNI_L,0,19;INCMUNI_R "INCMUNI_R" true true false 20 Text 0 0,First,#,Roads,INCMUNI_R,0,19;UNINCCOM_L "UNINCCOM_L" true true false 32 Text 0 0,First,#,Roads,UNINCCOM_L,0,31;UNINCCOM_R "UNINCCOM_R" true true false 32 Text 0 0,First,#,Roads,UNINCCOM_R,0,31;NBRHDCOM_L "NBRHDCOM_L" true true false 28 Text 0 0,First,#,Roads,NBRHDCOM_L,0,27;NBRHDCOM_R "NBRHDCOM_R" true true false 28 Text 0 0,First,#,Roads,NBRHDCOM_R,0,27;ER_CAD_ZON "ER_CAD_ZON" true true false 1 Text 0 0,First,#,Roads,ER_CAD_ZON,0,0;ESN_L "ESN_L" true true false 3 Text 0 0,First,#,Roads,ESN_L,0,2;ESN_R "ESN_R" true true false 3 Text 0 0,First,#,Roads,ESN_R,0,2;MSAGCOMM_L "MSAGCOMM_L" true true false 10 Text 0 0,First,#,Roads,MSAGCOMM_L,0,9;MSAGCOMM_R "MSAGCOMM_R" true true false 10 Text 0 0,First,#,Roads,MSAGCOMM_R,0,9;ONEWAY "ONEWAY" true true false 1 Text 0 0,First,#,Roads,ONEWAY,0,0;VERT_LEVEL "VERT_LEVEL" true true false 1 Text 0 0,First,#,Roads,VERT_LEVEL,0,0;SPEED_LMT "SPEED_LMT" true true false 2 Short 0 2,First,#,Roads,SPEED_LMT,-1,-1;ACCESSCODE "ACCESSCODE" true true false 1 Text 0 0,First,#,Roads,ACCESSCODE,0,0;DOT_HWYNAM "DOT_HWYNAM" true true false 6 Text 0 0,First,#,Roads,DOT_HWYNAM,0,5;DOT_RTNAME "DOT_RTNAME" true true false 11 Text 0 0,First,#,Roads,DOT_RTNAME,0,10;DOT_RTPART "DOT_RTPART" true true false 2 Text 0 0,First,#,Roads,DOT_RTPART,0,1;DOT_F_MILE "DOT_F_MILE" true true false 24 Double 15 23,First,#,Roads,DOT_F_MILE,-1,-1;DOT_T_MILE "DOT_T_MILE" true true false 24 Double 15 23,First,#,Roads,DOT_T_MILE,-1,-1;DOT_FCLASS "DOT_FCLASS" true true false 18 Text 0 0,First,#,Roads,DOT_FCLASS,0,17;DOT_SRFTYP "DOT_SRFTYP" true true false 7 Text 0 0,First,#,Roads,DOT_SRFTYP,0,6;DOT_CLASS "DOT_CLASS" true true false 1 Text 0 0,First,#,Roads,DOT_CLASS,0,0;DOT_OWN_L "DOT_OWN_L" true true false 23 Text 0 0,First,#,Roads,DOT_OWN_L,0,22;DOT_OWN_R "DOT_OWN_R" true true false 23 Text 0 0,First,#,Roads,DOT_OWN_R,0,22;DOT_AADT "DOT_AADT" true true false 6 Long 0 6,First,#,Roads,DOT_AADT,-1,-1;DOT_AADTYR "DOT_AADTYR" true true false 4 Text 0 0,First,#,Roads,DOT_AADTYR,0,3;DOT_THRULA "DOT_THRULA" true true false 1 Short 0 1,First,#,Roads,DOT_THRULA,-1,-1;BIKE_L "BIKE_L" true true false 2 Text 0 0,First,#,Roads,BIKE_L,0,1;BIKE_R "BIKE_R" true true false 2 Text 0 0,First,#,Roads,BIKE_R,0,1;BIKE_PLN_L "BIKE_PLN_L" true true false 2 Text 0 0,First,#,Roads,BIKE_PLN_L,0,1;BIKE_PLN_R "BIKE_PLN_R" true true false 2 Text 0 0,First,#,Roads,BIKE_PLN_R,0,1;BIKE_REGPR "BIKE_REGPR" true true false 5 Text 0 0,First,#,Roads,BIKE_REGPR,0,4;BIKE_NOTES "BIKE_NOTES" true true false 50 Text 0 0,First,#,Roads,BIKE_NOTES,0,49;UNIQUE_ID "UNIQUE_ID" true true false 56 Text 0 0,First,#,Roads,UNIQUE_ID,0,55;LOCAL_UID "LOCAL_UID" true true false 30 Text 0 0,First,#,Roads,LOCAL_UID,0,29;UTAHRD_UID "UTAHRD_UID" true true false 7 Text 0 0,First,#,Roads,UTAHRD_UID,0,6;SOURCE "SOURCE" true true false 39 Text 0 0,First,#,Roads,SOURCE,0,38;UPDATED "UPDATED" true true false 8 Date 0 0,First,#,Roads,UPDATED,-1,-1;EFFECTIVE "EFFECTIVE" true true false 8 Date 0 0,First,#,Roads,EFFECTIVE,-1,-1;EXPIRE "EXPIRE" true true false 8 Date 0 0,First,#,Roads,EXPIRE,-1,-1;CREATED "CREATED" true true false 8 Date 0 0,First,#,Roads,CREATED,-1,-1;CREATOR "CREATOR" true true false 17 Text 0 0,First,#,Roads,CREATOR,0,16;EDITOR "EDITOR" true true false 17 Text 0 0,First,#,Roads,EDITOR,0,16;CUSTOMTAGS "CUSTOMTAGS" true true false 211 Text 0 0,First,#,Roads,CUSTOMTAGS,0,210;GlobalID "GlobalID" true true false 38 Text 0 0,First,#,Roads,GlobalID,0,37;TDMNET_L "TDMNET_L" true true false 1 Text 0 0,First,#,Roads,TDMNET_L,0,0;TDMNET_R "TDMNET_R" true true false 1 Text 0 0,First,#,Roads,TDMNET_R,0,0;PED_L "PED_L" true true false 17 Text 0 0,First,#,Roads,PED_L,0,16;PED_R "PED_R" true true false 17 Text 0 0,First,#,Roads,PED_R,0,16;SHAPE_Leng "SHAPE_Leng" true true false 24 Double 15 23,First,#,Roads,SHAPE_Leng,-1,-1" #</Process><Process ToolSource="c:\users\dalli\appdata\local\programs\arcgis\pro\Resources\ArcToolbox\toolboxes\Analysis Tools.tbx\Clip" Date="20240116" Time="112530">Clip LoganCanyonRoads LoganCanyonRoads "C:\Users\dalli\OneDrive\Documents\ArcGIS\Packages\Logan Canyon Viewshed_8ff494\commondata\logan_canyon_viewshed.gdb\Highway" #</Process><Process ToolSource="c:\users\dalli\appdata\local\programs\arcgis\pro\Resources\ArcToolbox\toolboxes\Data Management Tools.tbx\Dissolve" Date="20240117" Time="143449">Dissolve Roads/Trails\Highway "C:\Users\dalli\OneDrive\Documents\ArcGIS\Packages\Logan Canyon Viewshed_8ff494\commondata\logan_canyon_viewshed.gdb\Highway_Dissolve" CARTOCODE;FULLNAME "Shape_Length SUM" MULTI_PART DISSOLVE_LINES #</Process><Process ToolSource="c:\users\dalli\appdata\local\programs\arcgis\pro\Resources\ArcToolbox\toolboxes\Conversion Tools.tbx\ExportFeatures" Date="20240227" Time="112453">ExportFeatures Roads/Trails\Highway C:\AGAVE\LoganCanyonViewshedProject\LoganCanyonViewshed\LoganCanyonViewshed.gdb\Highway # NOT_USE_ALIAS "CARTOCODE "CARTOCODE" true true false 2 Text 0 0,First,#,Roads/Trails\Highway,CARTOCODE,0,1;FULLNAME "FULLNAME" true true false 49 Text 0 0,First,#,Roads/Trails\Highway,FULLNAME,0,48;SUM_Shape_Length "SUM_Shape_Length" true true false 8 Double 0 0,First,#,Roads/Trails\Highway,SUM_Shape_Length,-1,-1;Shape_Length "Shape_Length" false true true 8 Double 0 0,First,#,Roads/Trails\Highway,Shape_Length,-1,-1" #</Process><Process ToolSource="c:\users\dalli\appdata\local\programs\arcgis\pro\Resources\ArcToolbox\toolboxes\Data Management Tools.tbx\Project" Date="20240227" Time="135453">Project Highway C:\AGAVE\LoganCanyonViewshedProject\LoganCanyonViewshed\LoganCanyonViewshed.gdb\Highway_Project PROJCS["NAD_1983_UTM_Zone_12N",GEOGCS["GCS_North_American_1983",DATUM["D_North_American_1983",SPHEROID["GRS_1980",6378137.0,298.257222101]],PRIMEM["Greenwich",0.0],UNIT["Degree",0.0174532925199433]],PROJECTION["Transverse_Mercator"],PARAMETER["False_Easting",500000.0],PARAMETER["False_Northing",0.0],PARAMETER["Central_Meridian",-111.0],PARAMETER["Scale_Factor",0.9996],PARAMETER["Latitude_Of_Origin",0.0],UNIT["Meter",1.0]] WGS_1984_(ITRF00)_To_NAD_1983 PROJCS["WGS_1984_Web_Mercator_Auxiliary_Sphere",GEOGCS["GCS_WGS_1984",DATUM["D_WGS_1984",SPHEROID["WGS_1984",6378137.0,298.257223563]],PRIMEM["Greenwich",0.0],UNIT["Degree",0.0174532925199433]],PROJECTION["Mercator_Auxiliary_Sphere"],PARAMETER["False_Easting",0.0],PARAMETER["False_Northing",0.0],PARAMETER["Central_Meridian",0.0],PARAMETER["Standard_Parallel_1",0.0],PARAMETER["Auxiliary_Sphere_Type",0.0],UNIT["Meter",1.0]] NO_PRESERVE_SHAPE # NO_VERTICAL</Process><Process ToolSource="c:\users\dalli\appdata\local\programs\arcgis\pro\Resources\ArcToolbox\toolboxes\Analysis Tools.tbx\Intersect" Date="20240227" Time="184510">Intersect "Highway #;RasterT_Reclass1 #" C:\AGAVE\LoganCanyonViewshedProject\LoganCanyonViewshed\LoganCanyonViewshed.gdb\Highway_Intersect "All attributes" # Line</Process><Process ToolSource="c:\users\dalli\appdata\local\programs\arcgis\pro\Resources\ArcToolbox\toolboxes\Data Management Tools.tbx\Rename" Date="20240227" Time="184842">Rename C:\AGAVE\LoganCanyonViewshedProject\LoganCanyonViewshed\LoganCanyonViewshed.gdb\Highway_Intersect C:\AGAVE\LoganCanyonViewshedProject\LoganCanyonViewshed\LoganCanyonViewshed.gdb\Highway_Crash_Danger FeatureClass</Process><Process ToolSource="c:\users\dalli\appdata\local\programs\arcgis\pro\Resources\ArcToolbox\toolboxes\Data Management Tools.tbx\CopyFeatures" Date="20240229" Time="091529">CopyFeatures C:\LAEP3300temp\LoganCanyonViewshedTemp\LoganCanyonViewshed.gdb\Highway_Crash_Danger C:\AGAVE\ViewshedAnalysisLoganFixed\ViewshedAnalysisLoganFixed.gdb\Highway_Crash_Danger # # # #</Process><Process ToolSource="c:\users\dalli\appdata\local\programs\arcgis\pro\Resources\ArcToolbox\Toolboxes\Data Management Tools.tbx\UpdateSchema" Date="20240415" Time="181917">UpdateSchema "CIMDATA=&lt;CIMStandardDataConnection xsi:type='typens:CIMStandardDataConnection' xmlns:xsi='http://www.w3.org/2001/XMLSchema-instance' xmlns:xs='http://www.w3.org/2001/XMLSchema' xmlns:typens='http://www.esri.com/schemas/ArcGIS/3.2.0'&gt;&lt;WorkspaceConnectionString&gt;DATABASE=C:\AGAVE\ViewshedAnalysisLoganFixed\ViewshedAnalysisLoganFixed.gdb&lt;/WorkspaceConnectionString&gt;&lt;WorkspaceFactory&gt;FileGDB&lt;/WorkspaceFactory&gt;&lt;Dataset&gt;Highway_Crash_Danger&lt;/Dataset&gt;&lt;DatasetType&gt;esriDTFeatureClass&lt;/DatasetType&gt;&lt;/CIMStandardDataConnection&gt;" &lt;operationSequence&gt;&lt;workflow&gt;&lt;AlterField&gt;&lt;field_name&gt;gridcode&lt;/field_name&gt;&lt;new_field_name&gt;Score&lt;/new_field_name&gt;&lt;field_is_nullable&gt;True&lt;/field_is_nullable&gt;&lt;clear_field_alias&gt;False&lt;/clear_field_alias&gt;&lt;/AlterField&gt;&lt;/workflow&gt;&lt;/operationSequence&gt;</Process><Process ToolSource="c:\program files\arcgis\pro\Resources\ArcToolbox\Toolboxes\Data Management Tools.tbx\CopyMultiple" Date="20251203" Time="102700">CopyMultiple "C:\Users\dalli\Fall_2025\GEOG3700\FinalProject\ViewshedAnalysisLogan\ViewshedAnalysisLoganFixed.gdb\BackcountryNames FeatureClass;C:\Users\dalli\Fall_2025\GEOG3700\FinalProject\ViewshedAnalysisLogan\ViewshedAnalysisLoganFixed.gdb\Highway_Crash_Danger FeatureClass;C:\Users\dalli\Fall_2025\GEOG3700\FinalProject\ViewshedAnalysisLogan\ViewshedAnalysisLoganFixed.gdb\LandCoverLoganCanyon RasterDataset;C:\Users\dalli\Fall_2025\GEOG3700\FinalProject\ViewshedAnalysisLogan\ViewshedAnalysisLoganFixed.gdb\LoganCanyon10mDEM RasterDataset;C:\Users\dalli\Fall_2025\GEOG3700\FinalProject\ViewshedAnalysisLogan\ViewshedAnalysisLoganFixed.gdb\LoganCanyonClimbingLocations_Project FeatureClass;C:\Users\dalli\Fall_2025\GEOG3700\FinalProject\ViewshedAnalysisLogan\ViewshedAnalysisLoganFixed.gdb\Trails_Dissolve FeatureClass;C:\Users\dalli\Fall_2025\GEOG3700\FinalProject\ViewshedAnalysisLogan\ViewshedAnalysisLoganFixed.gdb\Roads_Project FeatureClass" C:\Users\dalli\Fall_2025\GEOG3700\FinalProject\ViewshedAnalysisLogan\TestInputData.gdb BackcountryNames;Highway_Crash_Danger;LandCoverLoganCanyon;LoganCanyon10mDEM;LoganCanyonClimbingLocations_Project;Trails_Dissolve;Roads_Project "BackcountryNames FeatureClass BackcountryNames #;Highway_Crash_Danger FeatureClass Highway_Crash_Danger #;LandCoverLoganCanyon RasterDataset LandCoverLoganCanyon #;LoganCanyon10mDEM RasterDataset LoganCanyon10mDEM #;LoganCanyonClimbingLocations_Project FeatureClass LoganCanyonClimbingLocations_Project #;Trails_Dissolve FeatureClass Trails_Dissolve #;Roads_Project FeatureClass Roads_Project #"</Process><Process ToolSource="c:\program files\arcgis\pro\Resources\ArcToolbox\toolboxes\Data Management Tools.tbx\CopyFeatures" Date="20260107" Time="200125">CopyFeatures C:\Users\dalli\Personal_projects\Logan_Canyon_Toolbox\TestInputData.gdb\Highway_Crash_Danger C:\Users\dalli\Personal_projects\Logan_Canyon_Toolbox\TestInputShapefiles\Highway_Crash_Danger.shp # # # #</Process></lineage></DataProperties><SyncDate>20260107</SyncDate><SyncTime>20012500</SyncTime><ModDate>20260107</ModDate><ModTime>20012500</ModTime></Esri><dataIdInfo><envirDesc Sync="TRUE">Microsoft Windows 10 Version 10.0 (Build 26200) ; Esri ArcGIS 13.6.0.59527</envirDesc><dataLang><languageCode value="eng" Sync="TRUE"></languageCode><countryCode value="USA" Sync="TRUE"></countryCode></dataLang><idCitation><resTitle Sync="TRUE">Highway_Crash_Danger</resTitle><presForm><PresFormCd value="005" Sync="TRUE"></PresFormCd></presForm></idCitation><spatRpType><SpatRepTypCd value="001" Sync="TRUE"></SpatRepTypCd></spatRpType></dataIdInfo><mdLang><languageCode value="eng" Sync="TRUE"></languageCode><countryCode value="USA" Sync="TRUE"></countryCode></mdLang><distInfo><distFormat><formatName Sync="TRUE">Shapefile</formatName></distFormat><distTranOps><transSize Sync="TRUE">0.000</transSize></distTranOps></distInfo><mdHrLv><ScopeCd value="005" Sync="TRUE"></ScopeCd></mdHrLv><mdHrLvName Sync="TRUE">dataset</mdHrLvName><refSysInfo><RefSystem><refSysID><identCode code="26912" Sync="TRUE"></identCode><idCodeSpace Sync="TRUE">EPSG</idCodeSpace><idVersion Sync="TRUE">6.11(3.0.1)</idVersion></refSysID></RefSystem></refSysInfo><spatRepInfo><VectSpatRep><geometObjs Name="Highway_Crash_Danger"><geoObjTyp><GeoObjTypCd value="002" Sync="TRUE"></GeoObjTypCd></geoObjTyp><geoObjCnt Sync="TRUE">0</geoObjCnt></geometObjs><topLvl><TopoLevCd value="001" Sync="TRUE"></TopoLevCd></topLvl></VectSpatRep></spatRepInfo><spdoinfo><ptvctinf><esriterm Name="Highway_Crash_Danger"><efeatyp Sync="TRUE">Simple</efeatyp><efeageom code="3" Sync="TRUE"></efeageom><esritopo Sync="TRUE">FALSE</esritopo><efeacnt Sync="TRUE">0</efeacnt><spindex Sync="TRUE">FALSE</spindex><linrefer Sync="TRUE">FALSE</linrefer></esriterm></ptvctinf></spdoinfo><eainfo><detailed Name="Highway_Crash_Danger"><enttyp><enttypl Sync="TRUE">Highway_Crash_Danger</enttypl><enttypt Sync="TRUE">Feature Class</enttypt><enttypc Sync="TRUE">0</enttypc></enttyp><attr><attrlabl Sync="TRUE">FID</attrlabl><attalias Sync="TRUE">FID</attalias><attrtype Sync="TRUE">OID</attrtype><attwidth Sync="TRUE">4</attwidth><atprecis Sync="TRUE">0</atprecis><attscale Sync="TRUE">0</attscale><attrdef Sync="TRUE">Internal feature number.</attrdef><attrdefs Sync="TRUE">Esri</attrdefs><attrdomv><udom Sync="TRUE">Sequential unique whole numbers that are automatically generated.</udom></attrdomv></attr><attr><attrlabl Sync="TRUE">Shape</attrlabl><attalias Sync="TRUE">Shape</attalias><attrtype Sync="TRUE">Geometry</attrtype><attwidth Sync="TRUE">0</attwidth><atprecis Sync="TRUE">0</atprecis><attscale Sync="TRUE">0</attscale><attrdef Sync="TRUE">Feature geometry.</attrdef><attrdefs Sync="TRUE">Esri</attrdefs><attrdomv><udom Sync="TRUE">Coordinates defining the features.</udom></attrdomv></attr><attr><attrlabl Sync="TRUE">FID_Highwa</attrlabl><attalias Sync="TRUE">FID_Highwa</attalias><attrtype Sync="TRUE">Integer</attrtype><attwidth Sync="TRUE">10</attwidth><atprecis Sync="TRUE">10</atprecis><attscale Sync="TRUE">0</attscale></attr><attr><attrlabl Sync="TRUE">CARTOCODE</attrlabl><attalias Sync="TRUE">CARTOCODE</attalias><attrtype Sync="TRUE">String</attrtype><attwidth Sync="TRUE">2</attwidth><atprecis Sync="TRUE">0</atprecis><attscale Sync="TRUE">0</attscale></attr><attr><attrlabl Sync="TRUE">FULLNAME</attrlabl><attalias Sync="TRUE">FULLNAME</attalias><attrtype Sync="TRUE">String</attrtype><attwidth Sync="TRUE">49</attwidth><atprecis Sync="TRUE">0</atprecis><attscale Sync="TRUE">0</attscale></attr><attr><attrlabl Sync="TRUE">SUM_Shape_</attrlabl><attalias Sync="TRUE">SUM_Shape_</attalias><attrtype Sync="TRUE">Double</attrtype><attwidth Sync="TRUE">19</attwidth><atprecis Sync="TRUE">0</atprecis><attscale Sync="TRUE">0</attscale></attr><attr><attrlabl Sync="TRUE">FID_Raster</attrlabl><attalias Sync="TRUE">FID_Raster</attalias><attrtype Sync="TRUE">Integer</attrtype><attwidth Sync="TRUE">10</attwidth><atprecis Sync="TRUE">10</atprecis><attscale Sync="TRUE">0</attscale></attr><attr><attrlabl Sync="TRUE">Id</attrlabl><attalias Sync="TRUE">Id</attalias><attrtype Sync="TRUE">Integer</attrtype><attwidth Sync="TRUE">10</attwidth><atprecis Sync="TRUE">10</atprecis><attscale Sync="TRUE">0</attscale></attr><attr><attrlabl Sync="TRUE">Score</attrlabl><attalias Sync="TRUE">Score</attalias><attrtype Sync="TRUE">Integer</attrtype><attwidth Sync="TRUE">10</attwidth><atprecis Sync="TRUE">10</atprecis><attscale Sync="TRUE">0</attscale></attr><attr><attrlabl Sync="TRUE">Shape_Leng</attrlabl><attalias Sync="TRUE">Shape_Leng</attalias><attrtype Sync="TRUE">Double</attrtype><attwidth Sync="TRUE">19</attwidth><atprecis Sync="TRUE">0</atprecis><attscale Sync="TRUE">0</attscale></attr></detailed></eainfo><mdDateSt Sync="TRUE">20260107</mdDateSt></metadata>
