<metadata xml:lang="en"><Esri><CreaDate>20251203</CreaDate><CreaTime>10265600</CreaTime><ArcGISFormat>1.0</ArcGISFormat><SyncOnce>FALSE</SyncOnce><DataProperties><itemProps><itemName Sync="TRUE">Trails_Dissolve</itemName><imsContentType Sync="TRUE">002</imsContentType><itemLocation><linkage Sync="TRUE">file://\\MAGIC_HEAD\C$\Users\dalli\Personal_projects\Logan_Canyon_Toolbox\TestInputShapefiles\Trails_Dissolve.shp</linkage><protocol Sync="TRUE">Local Area Network</protocol></itemLocation><itemSize Sync="TRUE">0.000</itemSize></itemProps><coordRef><type Sync="TRUE">Projected</type><geogcsn Sync="TRUE">GCS_North_American_1983</geogcsn><csUnits Sync="TRUE">Linear Unit: Meter (1.000000)</csUnits><peXml Sync="TRUE">&lt;ProjectedCoordinateSystem xsi:type='typens:ProjectedCoordinateSystem' xmlns:xsi='http://www.w3.org/2001/XMLSchema-instance' xmlns:xs='http://www.w3.org/2001/XMLSchema' xmlns:typens='http://www.esri.com/schemas/ArcGIS/3.6.0'&gt;&lt;WKT&gt;PROJCS[&amp;quot;NAD_1983_UTM_Zone_12N&amp;quot;,GEOGCS[&amp;quot;GCS_North_American_1983&amp;quot;,DATUM[&amp;quot;D_North_American_1983&amp;quot;,SPHEROID[&amp;quot;GRS_1980&amp;quot;,6378137.0,298.257222101]],PRIMEM[&amp;quot;Greenwich&amp;quot;,0.0],UNIT[&amp;quot;Degree&amp;quot;,0.0174532925199433]],PROJECTION[&amp;quot;Transverse_Mercator&amp;quot;],PARAMETER[&amp;quot;False_Easting&amp;quot;,500000.0],PARAMETER[&amp;quot;False_Northing&amp;quot;,0.0],PARAMETER[&amp;quot;Central_Meridian&amp;quot;,-111.0],PARAMETER[&amp;quot;Scale_Factor&amp;quot;,0.9996],PARAMETER[&amp;quot;Latitude_Of_Origin&amp;quot;,0.0],UNIT[&amp;quot;Meter&amp;quot;,1.0],AUTHORITY[&amp;quot;EPSG&amp;quot;,26912]]&lt;/WKT&gt;&lt;XOrigin&gt;-5120900&lt;/XOrigin&gt;&lt;YOrigin&gt;-9998100&lt;/YOrigin&gt;&lt;XYScale&gt;450445547.3910538&lt;/XYScale&gt;&lt;ZOrigin&gt;-100000&lt;/ZOrigin&gt;&lt;ZScale&gt;10000&lt;/ZScale&gt;&lt;MOrigin&gt;-100000&lt;/MOrigin&gt;&lt;MScale&gt;10000&lt;/MScale&gt;&lt;XYTolerance&gt;0.001&lt;/XYTolerance&gt;&lt;ZTolerance&gt;0.001&lt;/ZTolerance&gt;&lt;MTolerance&gt;0.001&lt;/MTolerance&gt;&lt;HighPrecision&gt;true&lt;/HighPrecision&gt;&lt;WKID&gt;26912&lt;/WKID&gt;&lt;LatestWKID&gt;26912&lt;/LatestWKID&gt;&lt;/ProjectedCoordinateSystem&gt;</peXml><projcsn Sync="TRUE">NAD_1983_UTM_Zone_12N</projcsn></coordRef><lineage><Process ToolSource="c:\program files\arcgis\pro\Resources\ArcToolbox\toolboxes\Conversion Tools.tbx\ExportFeatures" Date="20240116" Time="101532">ExportFeatures TrailsAndPathways "C:\Users\Brent\Documents\ArcGIS\Projects\Logan Canyon Viewshed\Logan Canyon Viewshed.gdb\LoganCanyonTrailsAndPathways" # NOT_USE_ALIAS "OBJECTID "OBJECTID" true true false 5 Long 0 5,First,#,TrailsAndPathways,OBJECTID,-1,-1;PrimaryNam "PrimaryNam" true true false 49 Text 0 0,First,#,TrailsAndPathways,PrimaryNam,0,48;ID "ID" true true false 14 Text 0 0,First,#,TrailsAndPathways,ID,0,13;Status "Status" true true false 8 Text 0 0,First,#,TrailsAndPathways,Status,0,7;Designated "Designated" true true false 10 Text 0 0,First,#,TrailsAndPathways,Designated,0,9;SurfaceTyp "SurfaceTyp" true true false 7 Text 0 0,First,#,TrailsAndPathways,SurfaceTyp,0,6;Class "Class" true true false 24 Text 0 0,First,#,TrailsAndPathways,Class,0,23;CartoCode "CartoCode" true true false 29 Text 0 0,First,#,TrailsAndPathways,CartoCode,0,28;OtherRestr "OtherRestr" true true false 20 Text 0 0,First,#,TrailsAndPathways,OtherRestr,0,19;HorseAllow "HorseAllow" true true false 3 Text 0 0,First,#,TrailsAndPathways,HorseAllow,0,2;MotorizedA "MotorizedA" true true false 3 Text 0 0,First,#,TrailsAndPathways,MotorizedA,0,2;HikeDiffic "HikeDiffic" true true false 12 Text 0 0,First,#,TrailsAndPathways,HikeDiffic,0,11;BikeDiffic "BikeDiffic" true true false 12 Text 0 0,First,#,TrailsAndPathways,BikeDiffic,0,11;ADAAccessi "ADAAccessi" true true false 3 Text 0 0,First,#,TrailsAndPathways,ADAAccessi,0,2;OwnerStewa "OwnerStewa" true true false 23 Text 0 0,First,#,TrailsAndPathways,OwnerStewa,0,22;County "County" true true false 10 Text 0 0,First,#,TrailsAndPathways,County,0,9;Recreation "Recreation" true true false 28 Text 0 0,First,#,TrailsAndPathways,Recreation,0,27;SystemName "SystemName" true true false 38 Text 0 0,First,#,TrailsAndPathways,SystemName,0,37;TransNetwo "TransNetwo" true true false 8 Text 0 0,First,#,TrailsAndPathways,TransNetwo,0,7;Comments "Comments" true true false 104 Text 0 0,First,#,TrailsAndPathways,Comments,0,103;DataSource "DataSource" true true false 47 Text 0 0,First,#,TrailsAndPathways,DataSource,0,46;Unique_ID "Unique_ID" true true false 19 Text 0 0,First,#,TrailsAndPathways,Unique_ID,0,18;created_us "created_us" true true false 13 Text 0 0,First,#,TrailsAndPathways,created_us,0,12;created_da "created_da" true true false 8 Date 0 0,First,#,TrailsAndPathways,created_da,-1,-1;last_edite "last_edite" true true false 13 Text 0 0,First,#,TrailsAndPathways,last_edite,0,12;last_edi_1 "last_edi_1" true true false 8 Date 0 0,First,#,TrailsAndPathways,last_edi_1,-1,-1;SHAPE_Leng "SHAPE_Leng" true true false 24 Double 15 23,First,#,TrailsAndPathways,SHAPE_Leng,-1,-1" #</Process><Process ToolSource="c:\users\dalli\appdata\local\programs\arcgis\pro\Resources\ArcToolbox\toolboxes\Conversion Tools.tbx\ExportFeatures" Date="20240227" Time="112514">ExportFeatures Roads/Trails\LoganCanyonTrailsAndPathways C:\AGAVE\LoganCanyonViewshedProject\LoganCanyonViewshed\LoganCanyonViewshed.gdb\Trails # NOT_USE_ALIAS "OBJECTID "OBJECTID" true true false 4 Long 0 0,First,#,Roads/Trails\LoganCanyonTrailsAndPathways,OBJECTID,-1,-1;PrimaryNam "PrimaryNam" true true false 49 Text 0 0,First,#,Roads/Trails\LoganCanyonTrailsAndPathways,PrimaryNam,0,48;ID "ID" true true false 14 Text 0 0,First,#,Roads/Trails\LoganCanyonTrailsAndPathways,ID,0,13;Status "Status" true true false 8 Text 0 0,First,#,Roads/Trails\LoganCanyonTrailsAndPathways,Status,0,7;Designated "Designated" true true false 10 Text 0 0,First,#,Roads/Trails\LoganCanyonTrailsAndPathways,Designated,0,9;SurfaceTyp "SurfaceTyp" true true false 7 Text 0 0,First,#,Roads/Trails\LoganCanyonTrailsAndPathways,SurfaceTyp,0,6;Class "Class" true true false 24 Text 0 0,First,#,Roads/Trails\LoganCanyonTrailsAndPathways,Class,0,23;CartoCode "CartoCode" true true false 29 Text 0 0,First,#,Roads/Trails\LoganCanyonTrailsAndPathways,CartoCode,0,28;OtherRestr "OtherRestr" true true false 20 Text 0 0,First,#,Roads/Trails\LoganCanyonTrailsAndPathways,OtherRestr,0,19;HorseAllow "HorseAllow" true true false 3 Text 0 0,First,#,Roads/Trails\LoganCanyonTrailsAndPathways,HorseAllow,0,2;MotorizedA "MotorizedA" true true false 3 Text 0 0,First,#,Roads/Trails\LoganCanyonTrailsAndPathways,MotorizedA,0,2;HikeDiffic "HikeDiffic" true true false 12 Text 0 0,First,#,Roads/Trails\LoganCanyonTrailsAndPathways,HikeDiffic,0,11;BikeDiffic "BikeDiffic" true true false 12 Text 0 0,First,#,Roads/Trails\LoganCanyonTrailsAndPathways,BikeDiffic,0,11;ADAAccessi "ADAAccessi" true true false 3 Text 0 0,First,#,Roads/Trails\LoganCanyonTrailsAndPathways,ADAAccessi,0,2;OwnerStewa "OwnerStewa" true true false 23 Text 0 0,First,#,Roads/Trails\LoganCanyonTrailsAndPathways,OwnerStewa,0,22;County "County" true true false 10 Text 0 0,First,#,Roads/Trails\LoganCanyonTrailsAndPathways,County,0,9;Recreation "Recreation" true true false 28 Text 0 0,First,#,Roads/Trails\LoganCanyonTrailsAndPathways,Recreation,0,27;SystemName "SystemName" true true false 38 Text 0 0,First,#,Roads/Trails\LoganCanyonTrailsAndPathways,SystemName,0,37;TransNetwo "TransNetwo" true true false 8 Text 0 0,First,#,Roads/Trails\LoganCanyonTrailsAndPathways,TransNetwo,0,7;Comments "Comments" true true false 104 Text 0 0,First,#,Roads/Trails\LoganCanyonTrailsAndPathways,Comments,0,103;DataSource "DataSource" true true false 47 Text 0 0,First,#,Roads/Trails\LoganCanyonTrailsAndPathways,DataSource,0,46;Unique_ID "Unique_ID" true true false 19 Text 0 0,First,#,Roads/Trails\LoganCanyonTrailsAndPathways,Unique_ID,0,18;created_us "created_us" true true false 13 Text 0 0,First,#,Roads/Trails\LoganCanyonTrailsAndPathways,created_us,0,12;created_da "created_da" true true false 8 Date 0 0,First,#,Roads/Trails\LoganCanyonTrailsAndPathways,created_da,-1,-1;last_edite "last_edite" true true false 13 Text 0 0,First,#,Roads/Trails\LoganCanyonTrailsAndPathways,last_edite,0,12;last_edi_1 "last_edi_1" true true false 8 Date 0 0,First,#,Roads/Trails\LoganCanyonTrailsAndPathways,last_edi_1,-1,-1;SHAPE_Leng "SHAPE_Leng" true true false 8 Double 0 0,First,#,Roads/Trails\LoganCanyonTrailsAndPathways,SHAPE_Leng,-1,-1;Shape_Length "Shape_Length" false true true 8 Double 0 0,First,#,Roads/Trails\LoganCanyonTrailsAndPathways,Shape_Length,-1,-1" #</Process><Process ToolSource="c:\users\dalli\appdata\local\programs\arcgis\pro\Resources\ArcToolbox\toolboxes\Data Management Tools.tbx\Project" Date="20240227" Time="135431">Project Trails C:\AGAVE\LoganCanyonViewshedProject\LoganCanyonViewshed\LoganCanyonViewshed.gdb\Trails_Project PROJCS["NAD_1983_UTM_Zone_12N",GEOGCS["GCS_North_American_1983",DATUM["D_North_American_1983",SPHEROID["GRS_1980",6378137.0,298.257222101]],PRIMEM["Greenwich",0.0],UNIT["Degree",0.0174532925199433]],PROJECTION["Transverse_Mercator"],PARAMETER["False_Easting",500000.0],PARAMETER["False_Northing",0.0],PARAMETER["Central_Meridian",-111.0],PARAMETER["Scale_Factor",0.9996],PARAMETER["Latitude_Of_Origin",0.0],UNIT["Meter",1.0]] WGS_1984_(ITRF00)_To_NAD_1983 GEOGCS["GCS_WGS_1984",DATUM["D_WGS_1984",SPHEROID["WGS_1984",6378137.0,298.257223563]],PRIMEM["Greenwich",0.0],UNIT["Degree",0.0174532925199433]] NO_PRESERVE_SHAPE # NO_VERTICAL</Process><Process ToolSource="c:\users\dalli\appdata\local\programs\arcgis\pro\Resources\ArcToolbox\toolboxes\Data Management Tools.tbx\Dissolve" Date="20240227" Time="140521">Dissolve Trails C:\AGAVE\LoganCanyonViewshedProject\LoganCanyonViewshed\LoganCanyonViewshed.gdb\Trails_Dissolve PrimaryNam "Shape_Length SUM" MULTI_PART DISSOLVE_LINES #</Process><Process ToolSource="c:\users\dalli\appdata\local\programs\arcgis\pro\Resources\ArcToolbox\toolboxes\Data Management Tools.tbx\UpdateSchema" Date="20240227" Time="142059">UpdateSchema "CIMDATA=&lt;CIMStandardDataConnection xsi:type='typens:CIMStandardDataConnection' xmlns:xsi='http://www.w3.org/2001/XMLSchema-instance' xmlns:xs='http://www.w3.org/2001/XMLSchema' xmlns:typens='http://www.esri.com/schemas/ArcGIS/3.2.0'&gt;&lt;WorkspaceConnectionString&gt;DATABASE=C:\AGAVE\LoganCanyonViewshedProject\LoganCanyonViewshed\LoganCanyonViewshed.gdb&lt;/WorkspaceConnectionString&gt;&lt;WorkspaceFactory&gt;FileGDB&lt;/WorkspaceFactory&gt;&lt;Dataset&gt;Trails_Dissolve&lt;/Dataset&gt;&lt;DatasetType&gt;esriDTFeatureClass&lt;/DatasetType&gt;&lt;/CIMStandardDataConnection&gt;" &lt;operationSequence&gt;&lt;workflow&gt;&lt;AddField&gt;&lt;field_name&gt;HighLowUse&lt;/field_name&gt;&lt;field_type&gt;SHORT&lt;/field_type&gt;&lt;field_is_nullable&gt;True&lt;/field_is_nullable&gt;&lt;field_is_required&gt;False&lt;/field_is_required&gt;&lt;/AddField&gt;&lt;/workflow&gt;&lt;/operationSequence&gt;</Process><Process ToolSource="c:\users\dalli\appdata\local\programs\arcgis\pro\Resources\ArcToolbox\toolboxes\Data Management Tools.tbx\CalculateField" Date="20240227" Time="142114">CalculateField Trails_Dissolve HighLowUse 2 Python # Text NO_ENFORCE_DOMAINS</Process><Process ToolSource="c:\users\dalli\appdata\local\programs\arcgis\pro\Resources\ArcToolbox\toolboxes\Data Management Tools.tbx\CalculateField" Date="20240227" Time="142131">CalculateField Trails_Dissolve HighLowUse 1 Python # Text NO_ENFORCE_DOMAINS</Process><Process ToolSource="c:\users\dalli\appdata\local\programs\arcgis\pro\Resources\ArcToolbox\toolboxes\Data Management Tools.tbx\CopyFeatures" Date="20240229" Time="091527">CopyFeatures C:\LAEP3300temp\LoganCanyonViewshedTemp\LoganCanyonViewshed.gdb\Trails_Dissolve C:\AGAVE\ViewshedAnalysisLoganFixed\ViewshedAnalysisLoganFixed.gdb\Trails_Dissolve # # # #</Process><Process ToolSource="c:\users\dalli\appdata\local\programs\arcgis\pro\Resources\ArcToolbox\Toolboxes\Data Management Tools.tbx\UpdateSchema" Date="20240415" Time="182432">UpdateSchema "CIMDATA=&lt;CIMStandardDataConnection xsi:type='typens:CIMStandardDataConnection' xmlns:xsi='http://www.w3.org/2001/XMLSchema-instance' xmlns:xs='http://www.w3.org/2001/XMLSchema' xmlns:typens='http://www.esri.com/schemas/ArcGIS/3.2.0'&gt;&lt;WorkspaceConnectionString&gt;DATABASE=C:\AGAVE\ViewshedAnalysisLoganFixed\ViewshedAnalysisLoganFixed.gdb&lt;/WorkspaceConnectionString&gt;&lt;WorkspaceFactory&gt;FileGDB&lt;/WorkspaceFactory&gt;&lt;Dataset&gt;Trails_Dissolve&lt;/Dataset&gt;&lt;DatasetType&gt;esriDTFeatureClass&lt;/DatasetType&gt;&lt;/CIMStandardDataConnection&gt;" &lt;operationSequence&gt;&lt;workflow&gt;&lt;AddField&gt;&lt;field_name&gt;Score&lt;/field_name&gt;&lt;field_type&gt;SHORT&lt;/field_type&gt;&lt;field_is_nullable&gt;True&lt;/field_is_nullable&gt;&lt;field_is_required&gt;False&lt;/field_is_required&gt;&lt;/AddField&gt;&lt;/workflow&gt;&lt;/operationSequence&gt;</Process><Process ToolSource="c:\users\dalli\appdata\local\programs\arcgis\pro\Resources\ArcToolbox\toolboxes\Data Management Tools.tbx\CalculateField" Date="20240420" Time="225740">CalculateField CellServiceNeed\Trails_Dissolve Score 2 Python # Text NO_ENFORCE_DOMAINS</Process><Process ToolSource="c:\program files\arcgis\pro\Resources\ArcToolbox\Toolboxes\Data Management Tools.tbx\CopyMultiple" Date="20251203" Time="102700">CopyMultiple "C:\Users\dalli\Fall_2025\GEOG3700\FinalProject\ViewshedAnalysisLogan\ViewshedAnalysisLoganFixed.gdb\BackcountryNames FeatureClass;C:\Users\dalli\Fall_2025\GEOG3700\FinalProject\ViewshedAnalysisLogan\ViewshedAnalysisLoganFixed.gdb\Highway_Crash_Danger FeatureClass;C:\Users\dalli\Fall_2025\GEOG3700\FinalProject\ViewshedAnalysisLogan\ViewshedAnalysisLoganFixed.gdb\LandCoverLoganCanyon RasterDataset;C:\Users\dalli\Fall_2025\GEOG3700\FinalProject\ViewshedAnalysisLogan\ViewshedAnalysisLoganFixed.gdb\LoganCanyon10mDEM RasterDataset;C:\Users\dalli\Fall_2025\GEOG3700\FinalProject\ViewshedAnalysisLogan\ViewshedAnalysisLoganFixed.gdb\LoganCanyonClimbingLocations_Project FeatureClass;C:\Users\dalli\Fall_2025\GEOG3700\FinalProject\ViewshedAnalysisLogan\ViewshedAnalysisLoganFixed.gdb\Trails_Dissolve FeatureClass;C:\Users\dalli\Fall_2025\GEOG3700\FinalProject\ViewshedAnalysisLogan\ViewshedAnalysisLoganFixed.gdb\Roads_Project FeatureClass" C:\Users\dalli\Fall_2025\GEOG3700\FinalProject\ViewshedAnalysisLogan\TestInputData.gdb BackcountryNames;Highway_Crash_Danger;LandCoverLoganCanyon;LoganCanyon10mDEM;LoganCanyonClimbingLocations_Project;Trails_Dissolve;Roads_Project "BackcountryNames FeatureClass BackcountryNames #;Highway_Crash_Danger FeatureClass Highway_Crash_Danger #;LandCoverLoganCanyon RasterDataset LandCoverLoganCanyon #;LoganCanyon10mDEM RasterDataset LoganCanyon10mDEM #;LoganCanyonClimbingLocations_Project FeatureClass LoganCanyonClimbingLocations_Project #;Trails_Dissolve FeatureClass Trails_Dissolve #;Roads_Project FeatureClass Roads_Project #"</Process><Process ToolSource="c:\program files\arcgis\pro\Resources\ArcToolbox\toolboxes\Data Management Tools.tbx\CopyFeatures" Date="20260107" Time="200126">CopyFeatures C:\Users\dalli\Personal_projects\Logan_Canyon_Toolbox\TestInputData.gdb\Trails_Dissolve C:\Users\dalli\Personal_projects\Logan_Canyon_Toolbox\TestInputShapefiles\Trails_Dissolve.shp # # # #</Process></lineage></DataProperties><SyncDate>20260107</SyncDate><SyncTime>20012600</SyncTime><ModDate>20260107</ModDate><ModTime>20012600</ModTime></Esri><dataIdInfo><envirDesc Sync="TRUE">Microsoft Windows 10 Version 10.0 (Build 26200) ; Esri ArcGIS 13.6.0.59527</envirDesc><dataLang><languageCode value="eng" Sync="TRUE"></languageCode><countryCode value="USA" Sync="TRUE"></countryCode></dataLang><idCitation><resTitle Sync="TRUE">Trails_Dissolve</resTitle><presForm><PresFormCd value="005" Sync="TRUE"></PresFormCd></presForm></idCitation><spatRpType><SpatRepTypCd value="001" Sync="TRUE"></SpatRepTypCd></spatRpType></dataIdInfo><mdLang><languageCode value="eng" Sync="TRUE"></languageCode><countryCode value="USA" Sync="TRUE"></countryCode></mdLang><distInfo><distFormat><formatName Sync="TRUE">Shapefile</formatName></distFormat><distTranOps><transSize Sync="TRUE">0.000</transSize></distTranOps></distInfo><mdHrLv><ScopeCd value="005" Sync="TRUE"></ScopeCd></mdHrLv><mdHrLvName Sync="TRUE">dataset</mdHrLvName><refSysInfo><RefSystem><refSysID><identCode code="26912" Sync="TRUE"></identCode><idCodeSpace Sync="TRUE">EPSG</idCodeSpace><idVersion Sync="TRUE">6.11(3.0.1)</idVersion></refSysID></RefSystem></refSysInfo><spatRepInfo><VectSpatRep><geometObjs Name="Trails_Dissolve"><geoObjTyp><GeoObjTypCd value="002" Sync="TRUE"></GeoObjTypCd></geoObjTyp><geoObjCnt Sync="TRUE">0</geoObjCnt></geometObjs><topLvl><TopoLevCd value="001" Sync="TRUE"></TopoLevCd></topLvl></VectSpatRep></spatRepInfo><spdoinfo><ptvctinf><esriterm Name="Trails_Dissolve"><efeatyp Sync="TRUE">Simple</efeatyp><efeageom code="3" Sync="TRUE"></efeageom><esritopo Sync="TRUE">FALSE</esritopo><efeacnt Sync="TRUE">0</efeacnt><spindex Sync="TRUE">FALSE</spindex><linrefer Sync="TRUE">FALSE</linrefer></esriterm></ptvctinf></spdoinfo><eainfo><detailed Name="Trails_Dissolve"><enttyp><enttypl Sync="TRUE">Trails_Dissolve</enttypl><enttypt Sync="TRUE">Feature Class</enttypt><enttypc Sync="TRUE">0</enttypc></enttyp><attr><attrlabl Sync="TRUE">FID</attrlabl><attalias Sync="TRUE">FID</attalias><attrtype Sync="TRUE">OID</attrtype><attwidth Sync="TRUE">4</attwidth><atprecis Sync="TRUE">0</atprecis><attscale Sync="TRUE">0</attscale><attrdef Sync="TRUE">Internal feature number.</attrdef><attrdefs Sync="TRUE">Esri</attrdefs><attrdomv><udom Sync="TRUE">Sequential unique whole numbers that are automatically generated.</udom></attrdomv></attr><attr><attrlabl Sync="TRUE">Shape</attrlabl><attalias Sync="TRUE">Shape</attalias><attrtype Sync="TRUE">Geometry</attrtype><attwidth Sync="TRUE">0</attwidth><atprecis Sync="TRUE">0</atprecis><attscale Sync="TRUE">0</attscale><attrdef Sync="TRUE">Feature geometry.</attrdef><attrdefs Sync="TRUE">Esri</attrdefs><attrdomv><udom Sync="TRUE">Coordinates defining the features.</udom></attrdomv></attr><attr><attrlabl Sync="TRUE">PrimaryNam</attrlabl><attalias Sync="TRUE">PrimaryNam</attalias><attrtype Sync="TRUE">String</attrtype><attwidth Sync="TRUE">49</attwidth><atprecis Sync="TRUE">0</atprecis><attscale Sync="TRUE">0</attscale></attr><attr><attrlabl Sync="TRUE">SUM_Shape_</attrlabl><attalias Sync="TRUE">SUM_Shape_</attalias><attrtype Sync="TRUE">Double</attrtype><attwidth Sync="TRUE">19</attwidth><atprecis Sync="TRUE">0</atprecis><attscale Sync="TRUE">0</attscale></attr><attr><attrlabl Sync="TRUE">HighLowUse</attrlabl><attalias Sync="TRUE">HighLowUse</attalias><attrtype Sync="TRUE">Integer</attrtype><attwidth Sync="TRUE">5</attwidth><atprecis Sync="TRUE">5</atprecis><attscale Sync="TRUE">0</attscale></attr><attr><attrlabl Sync="TRUE">Score</attrlabl><attalias Sync="TRUE">Score</attalias><attrtype Sync="TRUE">Integer</attrtype><attwidth Sync="TRUE">5</attwidth><atprecis Sync="TRUE">5</atprecis><attscale Sync="TRUE">0</attscale></attr><attr><attrlabl Sync="TRUE">Shape_Leng</attrlabl><attalias Sync="TRUE">Shape_Leng</attalias><attrtype Sync="TRUE">Double</attrtype><attwidth Sync="TRUE">19</attwidth><atprecis Sync="TRUE">0</atprecis><attscale Sync="TRUE">0</attscale></attr></detailed></eainfo><mdDateSt Sync="TRUE">20260107</mdDateSt></metadata>
